# Time;running vehicles [#]
0;1
1;3
2;4
3;5
4;5
5;5
6;7
7;7
8;7
9;7
10;7
11;7
12;7
13;7
14;8
15;9
16;10
17;10
18;10
19;10
20;11
21;13
22;13
23;13
24;13
25;14
26;14
27;14
28;14
29;14
30;14
31;15
32;16
33;16
34;16
35;17
36;18
37;19
38;19
39;19
40;21
41;21
42;21
43;22
44;22
45;23
46;23
47;24
48;24
49;24
50;24
51;24
52;25
53;25
54;25
55;26
56;26
57;27
58;27
59;27
60;27
61;28
62;28
63;28
64;28
65;30
66;32
67;33
68;33
69;33
70;33
71;33
72;34
73;35
74;35
75;35
76;35
77;36
78;37
79;38
80;39
81;39
82;40
83;40
84;41
85;41
86;41
87;41
88;41
89;41
90;42
91;43
92;44
93;44
94;45
95;45
96;46
97;46
98;47
99;49
100;49
101;50
102;50
103;50
104;50
105;50
106;50
107;50
108;50
109;50
110;51
111;52
112;53
113;53
114;53
115;53
116;53
117;53
118;53
119;53
120;54
121;56
122;56
123;56
124;56
125;55
126;55
127;55
128;55
129;55
130;56
131;56
132;56
133;56
134;56
135;57
136;58
137;58
138;59
139;59
140;59
141;59
142;59
143;59
144;59
145;59
146;59
147;59
148;59
149;59
150;59
151;60
152;61
153;61
154;62
155;63
156;64
157;64
158;66
159;67
160;68
161;69
162;70
163;71
164;71
165;72
166;72
167;74
168;75
169;75
170;76
171;77
172;78
173;78
174;79
175;79
176;80
177;80
178;80
179;80
180;81
181;81
182;83
183;83
184;84
185;85
186;85
187;86
188;87
189;87
190;87
191;86
192;86
193;85
194;86
195;86
196;86
197;87
198;87
199;87
200;88
201;88
202;87
203;86
204;86
205;86
206;86
207;87
208;88
209;88
210;88
211;88
212;87
213;87
214;87
215;88
216;88
217;89
218;90
219;90
220;91
221;91
222;92
223;92
224;92
225;93
226;94
227;94
228;95
229;94
230;93
231;93
232;93
233;93
234;93
235;94
236;94
237;94
238;94
239;93
240;93
241;94
242;95
243;96
244;98
245;99
246;98
247;98
248;98
249;98
250;98
251;99
252;99
253;99
254;99
255;99
256;99
257;100
258;101
259;101
260;101
261;102
262;101
263;101
264;101
265;102
266;102
267;102
268;101
269;101
270;101
271;101
272;102
273;102
274;103
275;103
276;104
277;104
278;103
279;103
280;103
281;104
282;103
283;103
284;103
285;103
286;104
287;103
288;102
289;101
290;101
291;101
292;102
293;102
294;103
295;103
296;103
297;102
298;103
299;103
300;103
301;103
302;102
303;102
304;104
305;105
306;106
307;107
308;107
309;107
310;107
311;107
312;107
313;108
314;110
315;111
316;111
317;111
318;112
319;112
320;112
321;112
322;111
323;111
324;111
325;111
326;113
327;113
328;113
329;114
330;113
331;113
332;113
333;113
334;113
335;114
336;113
337;113
338;114
339;115
340;115
341;115
342;114
343;116
344;117
345;118
346;118
347;119
348;119
349;120
350;121
351;121
352;121
353;120
354;121
355;120
356;121
357;121
358;122
359;122
360;122
361;122
362;122
363;123
364;123
365;123
366;123
367;124
368;123
369;123
370;124
371;125
372;124
373;124
374;124
375;124
376;124
377;123
378;122
379;122
380;122
381;122
382;122
383;122
384;121
385;121
386;120
387;120
388;120
389;120
390;119
391;120
392;120
393;120
394;120
395;120
396;121
397;121
398;122
399;122
400;121
401;122
402;121
403;122
404;122
405;124
406;125
407;125
408;125
409;127
410;127
411;127
412;127
413;127
414;127
415;128
416;128
417;129
418;130
419;131
420;131
421;132
422;132
423;132
424;131
425;131
426;131
427;133
428;133
429;133
430;133
431;134
432;134
433;136
434;136
435;136
436;137
437;140
438;141
439;142
440;141
441;141
442;141
443;142
444;143
445;142
446;144
447;144
448;145
449;145
450;145
451;146
452;146
453;146
454;146
455;147
456;149
457;149
458;149
459;150
460;151
461;152
462;153
463;154
464;153
465;153
466;153
467;153
468;153
469;153
470;153
471;152
472;153
473;154
474;155
475;156
476;156
477;156
478;156
479;156
480;156
481;157
482;157
483;158
484;158
485;159
486;159
487;158
488;158
489;158
490;159
491;160
492;160
493;160
494;159
495;159
496;159
497;159
498;160
499;159
500;160
501;160
502;160
503;160
504;161
505;162
506;161
507;162
508;162
509;161
510;159
511;159
512;159
513;159
514;159
515;159
516;159
517;159
518;160
519;160
520;160
521;160
522;159
523;159
524;161
525;160
526;160
527;160
528;160
529;160
530;162
531;163
532;163
533;163
534;164
535;165
536;166
537;167
538;167
539;167
540;168
541;168
542;169
543;168
544;170
545;169
546;169
547;168
548;168
549;169
550;169
551;172
552;171
553;172
554;171
555;171
556;172
557;171
558;171
559;172
560;172
561;173
562;173
563;172
564;172
565;172
566;170
567;171
568;170
569;170
570;170
571;171
572;169
573;169
574;169
575;169
576;169
577;169
578;169
579;170
580;171
581;171
582;173
583;172
584;172
585;172
586;172
587;172
588;172
589;174
590;174
591;173
592;173
593;172
594;172
595;172
596;172
597;172
598;172
599;172
600;172
601;170
602;169
603;169
604;169
605;169
606;169
607;169
608;168
609;168
610;168
611;168
612;167
613;167
614;166
615;166
616;166
617;166
618;166
619;165
620;165
621;164
622;163
623;163
624;163
625;162
626;162
627;162
628;162
629;162
630;162
631;162
632;162
633;160
634;160
635;160
636;160
637;159
638;159
639;159
640;159
641;159
642;159
643;159
644;159
645;159
646;159
647;159
648;159
649;159
650;159
651;159
652;159
653;159
654;159
655;158
656;157
657;156
658;156
659;156
660;155
661;154
662;152
663;151
664;151
665;150
666;150
667;149
668;149
669;149
670;148
671;148
672;148
673;147
674;147
675;147
676;147
677;147
678;147
679;147
680;146
681;145
682;145
683;145
684;145
685;145
686;145
687;145
688;145
689;145
690;145
691;144
692;143
693;143
694;143
695;143
696;143
697;141
698;140
699;140
700;139
701;139
702;139
703;139
704;139
705;139
706;139
707;139
708;138
709;138
710;138
711;138
712;137
713;136
714;136
715;136
716;136
717;135
718;135
719;135
720;135
721;135
722;134
723;134
724;134
725;134
726;133
727;133
728;132
729;131
730;131
731;131
732;131
733;131
734;130
735;130
736;130
737;129
738;129
739;128
740;127
741;125
742;125
743;125
744;124
745;124
746;123
747;122
748;122
749;122
750;121
751;120
752;120
753;119
754;119
755;119
756;119
757;118
758;118
759;118
760;118
761;118
762;118
763;117
764;117
765;117
766;117
767;117
768;117
769;117
770;117
771;116
772;116
773;116
774;115
775;115
776;115
777;115
778;115
779;114
780;113
781;113
782;112
783;112
784;111
785;111
786;111
787;110
788;110
789;110
790;110
791;110
792;110
793;109
794;109
795;109
796;108
797;108
798;108
799;108
800;108
801;108
802;108
803;108
804;108
805;107
806;107
807;106
808;106
809;106
810;106
811;106
812;105
813;105
814;103
815;103
816;103
817;103
818;103
819;103
820;103
821;103
822;103
823;103
824;103
825;103
826;102
827;102
828;102
829;102
830;102
831;102
832;102
833;102
834;102
835;102
836;102
837;102
838;102
839;102
840;102
841;102
842;102
843;101
844;101
845;101
846;101
847;101
848;101
849;100
850;100
851;100
852;99
853;98
854;98
855;97
856;97
857;96
858;96
859;96
860;96
861;96
862;95
863;95
864;93
865;93
866;92
867;91
868;91
869;91
870;91
871;91
872;91
873;90
874;90
875;90
876;90
877;89
878;89
879;89
880;89
881;89
882;88
883;88
884;88
885;88
886;88
887;88
888;88
889;88
890;88
891;88
892;88
893;88
894;88
895;88
896;87
897;86
898;86
899;85
900;85
901;85
902;85
903;85
904;85
905;83
906;82
907;82
908;80
909;80
910;80
911;80
912;80
913;80
914;80
915;80
916;80
917;79
918;79
919;79
920;79
921;79
922;79
923;79
924;79
925;79
926;79
927;79
928;79
929;79
930;79
931;79
932;78
933;78
934;78
935;77
936;77
937;76
938;76
939;76
940;76
941;76
942;76
943;76
944;76
945;76
946;76
947;76
948;75
949;75
950;75
951;75
952;75
953;75
954;75
955;75
956;75
957;75
958;75
959;75
960;75
961;75
962;74
963;74
964;74
965;74
966;74
967;74
968;74
969;74
970;73
971;72
972;72
973;72
974;72
975;72
976;72
977;71
978;71
979;70
980;70
981;70
982;70
983;70
984;69
985;69
986;69
987;69
988;69
989;69
990;69
991;69
992;69
993;69
994;69
995;69
996;69
997;68
998;68
999;68
1000;68
1001;73
1002;74
1003;74
1004;74
1005;76
1006;76
1007;75
1008;75
1009;75
1010;76
1011;77
1012;78
1013;79
1014;80
1015;79
1016;80
1017;82
1018;82
1019;82
1020;86
1021;86
1022;86
1023;87
1024;89
1025;91
1026;91
1027;92
1028;94
1029;95
1030;95
1031;96
1032;98
1033;99
1034;100
1035;101
1036;101
1037;101
1038;101
1039;102
1040;102
1041;102
1042;104
1043;105
1044;105
1045;106
1046;107
1047;106
1048;106
1049;105
1050;105
1051;106
1052;108
1053;109
1054;112
1055;114
1056;114
1057;114
1058;114
1059;113
1060;116
1061;117
1062;117
1063;117
1064;118
1065;120
1066;121
1067;121
1068;123
1069;124
1070;124
1071;123
1072;122
1073;122
1074;122
1075;123
1076;125
1077;126
1078;126
1079;127
1080;127
1081;129
1082;131
1083;131
1084;131
1085;129
1086;130
1087;130
1088;133
1089;134
1090;134
1091;134
1092;135
1093;137
1094;137
1095;137
1096;137
1097;137
1098;137
1099;137
1100;138
1101;141
1102;142
1103;143
1104;143
1105;143
1106;144
1107;145
1108;144
1109;145
1110;145
1111;146
1112;146
1113;147
1114;148
1115;148
1116;151
1117;151
1118;153
1119;153
1120;153
1121;153
1122;153
1123;153
1124;152
1125;152
1126;153
1127;154
1128;155
1129;155
1130;155
1131;155
1132;156
1133;157
1134;158
1135;159
1136;159
1137;162
1138;164
1139;164
1140;164
1141;164
1142;164
1143;166
1144;168
1145;169
1146;169
1147;170
1148;172
1149;172
1150;172
1151;173
1152;173
1153;173
1154;173
1155;175
1156;176
1157;178
1158;178
1159;179
1160;179
1161;180
1162;180
1163;180
1164;180
1165;180
1166;181
1167;180
1168;179
1169;180
1170;181
1171;181
1172;182
1173;183
1174;182
1175;182
1176;181
1177;182
1178;183
1179;185
1180;183
1181;182
1182;182
1183;182
1184;182
1185;185
1186;187
1187;188
1188;190
1189;193
1190;193
1191;193
1192;194
1193;194
1194;194
1195;194
1196;195
1197;193
1198;193
1199;193
1200;194
1201;193
1202;193
1203;193
1204;191
1205;191
1206;193
1207;194
1208;195
1209;196
1210;197
1211;197
1212;199
1213;200
1214;203
1215;203
1216;201
1217;201
1218;201
1219;201
1220;201
1221;202
1222;202
1223;203
1224;203
1225;203
1226;203
1227;204
1228;203
1229;203
1230;203
1231;203
1232;203
1233;204
1234;204
1235;203
1236;204
1237;204
1238;204
1239;203
1240;203
1241;203
1242;203
1243;205
1244;206
1245;206
1246;207
1247;208
1248;208
1249;207
1250;208
1251;209
1252;211
1253;211
1254;211
1255;212
1256;212
1257;215
1258;218
1259;219
1260;220
1261;221
1262;221
1263;220
1264;221
1265;221
1266;222
1267;225
1268;226
1269;225
1270;227
1271;226
1272;225
1273;225
1274;225
1275;225
1276;225
1277;227
1278;227
1279;228
1280;227
1281;227
1282;228
1283;229
1284;230
1285;231
1286;231
1287;232
1288;235
1289;235
1290;235
1291;237
1292;239
1293;240
1294;241
1295;240
1296;241
1297;242
1298;241
1299;242
1300;242
1301;244
1302;245
1303;246
1304;248
1305;248
1306;248
1307;247
1308;249
1309;249
1310;248
1311;249
1312;249
1313;248
1314;248
1315;249
1316;249
1317;248
1318;249
1319;250
1320;251
1321;253
1322;254
1323;254
1324;254
1325;254
1326;256
1327;254
1328;254
1329;253
1330;253
1331;253
1332;251
1333;251
1334;253
1335;253
1336;253
1337;253
1338;253
1339;253
1340;254
1341;254
1342;255
1343;254
1344;254
1345;256
1346;259
1347;260
1348;262
1349;263
1350;263
1351;264
1352;264
1353;264
1354;265
1355;266
1356;267
1357;268
1358;269
1359;268
1360;267
1361;269
1362;271
1363;273
1364;275
1365;275
1366;274
1367;277
1368;278
1369;277
1370;278
1371;281
1372;281
1373;279
1374;279
1375;281
1376;283
1377;283
1378;284
1379;287
1380;290
1381;292
1382;293
1383;292
1384;292
1385;294
1386;295
1387;296
1388;296
1389;297
1390;298
1391;297
1392;296
1393;296
1394;298
1395;299
1396;300
1397;300
1398;301
1399;300
1400;301
1401;301
1402;302
1403;304
1404;305
1405;307
1406;308
1407;310
1408;310
1409;310
1410;311
1411;311
1412;312
1413;314
1414;313
1415;313
1416;314
1417;314
1418;314
1419;315
1420;316
1421;316
1422;320
1423;320
1424;321
1425;321
1426;320
1427;321
1428;322
1429;323
1430;323
1431;324
1432;324
1433;326
1434;325
1435;324
1436;323
1437;323
1438;325
1439;325
1440;325
1441;324
1442;327
1443;329
1444;328
1445;328
1446;330
1447;332
1448;332
1449;335
1450;336
1451;338
1452;337
1453;338
1454;338
1455;339
1456;339
1457;340
1458;343
1459;343
1460;343
1461;342
1462;341
1463;341
1464;342
1465;345
1466;347
1467;346
1468;344
1469;345
1470;345
1471;346
1472;347
1473;348
1474;348
1475;349
1476;348
1477;348
1478;347
1479;348
1480;347
1481;348
1482;348
1483;347
1484;347
1485;348
1486;348
1487;348
1488;351
1489;349
1490;349
1491;351
1492;349
1493;349
1494;350
1495;350
1496;349
1497;351
1498;352
1499;351
1500;352
1501;351
1502;353
1503;353
1504;352
1505;352
1506;351
1507;351
1508;350
1509;349
1510;349
1511;348
1512;348
1513;348
1514;349
1515;351
1516;350
1517;350
1518;349
1519;351
1520;351
1521;350
1522;350
1523;349
1524;348
1525;349
1526;350
1527;350
1528;351
1529;353
1530;353
1531;356
1532;357
1533;357
1534;358
1535;359
1536;358
1537;358
1538;358
1539;358
1540;360
1541;361
1542;362
1543;364
1544;364
1545;366
1546;367
1547;368
1548;367
1549;369
1550;369
1551;369
1552;370
1553;371
1554;371
1555;371
1556;372
1557;372
1558;372
1559;372
1560;373
1561;374
1562;375
1563;377
1564;378
1565;378
1566;379
1567;379
1568;379
1569;379
1570;380
1571;381
1572;379
1573;379
1574;379
1575;380
1576;381
1577;381
1578;381
1579;379
1580;380
1581;381
1582;380
1583;381
1584;381
1585;381
1586;381
1587;382
1588;382
1589;383
1590;383
1591;382
1592;384
1593;385
1594;386
1595;387
1596;387
1597;389
1598;389
1599;390
1600;391
1601;389
1602;388
1603;389
1604;390
1605;390
1606;390
1607;391
1608;392
1609;392
1610;392
1611;393
1612;393
1613;394
1614;396
1615;396
1616;397
1617;397
1618;397
1619;397
1620;399
1621;400
1622;400
1623;402
1624;403
1625;404
1626;406
1627;406
1628;407
1629;409
1630;410
1631;410
1632;408
1633;411
1634;412
1635;412
1636;413
1637;413
1638;413
1639;413
1640;414
1641;414
1642;415
1643;416
1644;416
1645;416
1646;416
1647;417
1648;417
1649;417
1650;418
1651;419
1652;420
1653;420
1654;421
1655;421
1656;423
1657;422
1658;422
1659;424
1660;424
1661;426
1662;426
1663;425
1664;425
1665;426
1666;428
1667;428
1668;429
1669;429
1670;429
1671;429
1672;429
1673;427
1674;428
1675;428
1676;431
1677;431
1678;432
1679;432
1680;432
1681;433
1682;436
1683;439
1684;439
1685;439
1686;440
1687;441
1688;441
1689;441
1690;440
1691;440
1692;440
1693;440
1694;440
1695;441
1696;442
1697;441
1698;441
1699;442
1700;442
1701;441
1702;443
1703;444
1704;445
1705;446
1706;446
1707;446
1708;448
1709;448
1710;448
1711;450
1712;451
1713;451
1714;452
1715;453
1716;453
1717;453
1718;453
1719;452
1720;452
1721;452
1722;455
1723;455
1724;456
1725;455
1726;455
1727;455
1728;458
1729;460
1730;460
1731;460
1732;461
1733;462
1734;463
1735;464
1736;464
1737;464
1738;465
1739;465
1740;467
1741;467
1742;468
1743;467
1744;469
1745;470
1746;469
1747;470
1748;471
1749;471
1750;472
1751;472
1752;474
1753;476
1754;475
1755;477
1756;477
1757;477
1758;479
1759;479
1760;479
1761;479
1762;479
1763;479
1764;482
1765;482
1766;482
1767;481
1768;483
1769;483
1770;484
1771;485
1772;485
1773;487
1774;489
1775;489
1776;491
1777;492
1778;492
1779;493
1780;493
1781;494
1782;495
1783;494
1784;494
1785;494
1786;494
1787;495
1788;497
1789;497
1790;495
1791;495
1792;496
1793;496
1794;495
1795;495
1796;496
1797;497
1798;497
1799;498
1800;498
1801;497
1802;500
1803;501
1804;503
1805;504
1806;504
1807;505
1808;507
1809;506
1810;505
1811;508
1812;510
1813;509
1814;509
1815;509
1816;512
1817;513
1818;515
1819;512
1820;513
1821;513
1822;513
1823;514
1824;515
1825;516
1826;515
1827;514
1828;513
1829;513
1830;514
1831;515
1832;515
1833;514
1834;513
1835;513
1836;514
1837;515
1838;515
1839;518
1840;519
1841;520
1842;521
1843;523
1844;523
1845;522
1846;522
1847;521
1848;522
1849;523
1850;523
1851;523
1852;523
1853;523
1854;524
1855;522
1856;523
1857;524
1858;523
1859;524
1860;523
1861;523
1862;522
1863;523
1864;523
1865;523
1866;524
1867;524
1868;526
1869;527
1870;527
1871;531
1872;532
1873;533
1874;533
1875;532
1876;532
1877;532
1878;532
1879;533
1880;533
1881;534
1882;534
1883;534
1884;533
1885;534
1886;534
1887;534
1888;535
1889;534
1890;534
1891;536
1892;536
1893;535
1894;537
1895;538
1896;538
1897;537
1898;537
1899;537
1900;537
1901;537
1902;537
1903;536
1904;536
1905;536
1906;538
1907;540
1908;541
1909;541
1910;541
1911;540
1912;538
1913;537
1914;538
1915;538
1916;537
1917;537
1918;537
1919;536
1920;535
1921;536
1922;535
1923;535
1924;534
1925;533
1926;532
1927;533
1928;533
1929;533
1930;533
1931;536
1932;534
1933;535
1934;535
1935;534
1936;534
1937;534
1938;535
1939;534
1940;535
1941;536
1942;536
1943;537
1944;539
1945;540
1946;538
1947;539
1948;540
1949;540
1950;539
1951;538
1952;538
1953;537
1954;538
1955;539
1956;539
1957;538
1958;539
1959;539
1960;540
1961;541
1962;542
1963;539
1964;540
1965;542
1966;542
1967;542
1968;543
1969;544
1970;544
1971;543
1972;544
1973;545
1974;545
1975;545
1976;545
1977;548
1978;547
1979;547
1980;549
1981;549
1982;548
1983;548
1984;549
1985;550
1986;552
1987;552
1988;552
1989;553
1990;553
1991;551
1992;551
1993;552
1994;552
1995;554
1996;552
1997;552
1998;552
1999;553
2000;551
2001;550
2002;548
2003;548
2004;545
2005;544
2006;542
2007;542
2008;542
2009;542
2010;542
2011;539
2012;539
2013;538
2014;538
2015;538
2016;537
2017;536
2018;536
2019;534
2020;534
2021;533
2022;533
2023;533
2024;533
2025;532
2026;531
2027;530
2028;530
2029;530
2030;530
2031;529
2032;529
2033;528
2034;528
2035;528
2036;527
2037;526
2038;524
2039;524
2040;524
2041;523
2042;523
2043;522
2044;521
2045;521
2046;520
2047;518
2048;518
2049;517
2050;514
2051;514
2052;513
2053;511
2054;511
2055;511
2056;511
2057;510
2058;509
2059;509
2060;506
2061;504
2062;503
2063;503
2064;503
2065;501
2066;500
2067;500
2068;500
2069;499
2070;497
2071;497
2072;497
2073;497
2074;497
2075;496
2076;496
2077;496
2078;495
2079;495
2080;494
2081;494
2082;494
2083;494
2084;494
2085;494
2086;493
2087;493
2088;492
2089;492
2090;491
2091;491
2092;492
2093;490
2094;490
2095;490
2096;490
2097;490
2098;489
2099;488
2100;488
2101;487
2102;487
2103;486
2104;485
2105;485
2106;485
2107;485
2108;484
2109;483
2110;481
2111;481
2112;481
2113;481
2114;480
2115;480
2116;480
2117;479
2118;479
2119;479
2120;478
2121;478
2122;478
2123;478
2124;476
2125;475
2126;475
2127;475
2128;475
2129;475
2130;475
2131;475
2132;475
2133;475
2134;475
2135;475
2136;475
2137;475
2138;473
2139;472
2140;471
2141;470
2142;470
2143;469
2144;469
2145;467
2146;467
2147;467
2148;466
2149;465
2150;464
2151;464
2152;462
2153;461
2154;461
2155;461
2156;460
2157;460
2158;459
2159;459
2160;459
2161;457
2162;457
2163;455
2164;455
2165;454
2166;454
2167;453
2168;453
2169;452
2170;452
2171;452
2172;451
2173;449
2174;448
2175;448
2176;447
2177;446
2178;446
2179;446
2180;445
2181;445
2182;440
2183;439
2184;439
2185;439
2186;439
2187;439
2188;439
2189;439
2190;439
2191;438
2192;438
2193;437
2194;437
2195;437
2196;437
2197;436
2198;434
2199;434
2200;433
2201;433
2202;433
2203;433
2204;433
2205;433
2206;433
2207;432
2208;432
2209;432
2210;431
2211;429
2212;429
2213;429
2214;429
2215;429
2216;429
2217;429
2218;429
2219;428
2220;427
2221;425
2222;425
2223;425
2224;424
2225;423
2226;423
2227;423
2228;423
2229;422
2230;422
2231;422
2232;422
2233;421
2234;421
2235;420
2236;420
2237;420
2238;420
2239;420
2240;420
2241;420
2242;418
2243;417
2244;417
2245;417
2246;417
2247;417
2248;416
2249;416
2250;415
2251;415
2252;415
2253;415
2254;414
2255;414
2256;414
2257;413
2258;412
2259;411
2260;411
2261;409
2262;409
2263;408
2264;406
2265;406
2266;405
2267;404
2268;403
2269;403
2270;402
2271;402
2272;401
2273;401
2274;401
2275;400
2276;399
2277;399
2278;398
2279;397
2280;397
2281;396
2282;396
2283;396
2284;396
2285;396
2286;396
2287;395
2288;395
2289;394
2290;394
2291;393
2292;392
2293;392
2294;390
2295;390
2296;390
2297;390
2298;389
2299;389
2300;389
2301;388
2302;388
2303;387
2304;387
2305;387
2306;387
2307;387
2308;386
2309;386
2310;386
2311;385
2312;385
2313;384
2314;384
2315;382
2316;382
2317;382
2318;380
2319;380
2320;380
2321;380
2322;380
2323;380
2324;380
2325;380
2326;380
2327;380
2328;380
2329;379
2330;379
2331;379
2332;378
2333;378
2334;378
2335;378
2336;377
2337;376
2338;376
2339;374
2340;372
2341;372
2342;372
2343;371
2344;371
2345;370
2346;370
2347;369
2348;369
2349;367
2350;366
2351;366
2352;366
2353;366
2354;366
2355;366
2356;365
2357;365
2358;365
2359;365
2360;365
2361;365
2362;365
2363;363
2364;363
2365;363
2366;363
2367;363
2368;362
2369;362
2370;362
2371;362
2372;362
2373;362
2374;362
2375;362
2376;359
2377;359
2378;359
2379;359
2380;359
2381;357
2382;356
2383;356
2384;356
2385;356
2386;356
2387;356
2388;356
2389;356
2390;356
2391;356
2392;355
2393;355
2394;354
2395;353
2396;351
2397;351
2398;350
2399;349
2400;348
2401;347
2402;346
2403;346
2404;346
2405;346
2406;346
2407;346
2408;346
2409;346
2410;345
2411;345
2412;345
2413;345
2414;345
2415;344
2416;344
2417;344
2418;344
2419;344
2420;343
2421;343
2422;343
2423;343
2424;343
2425;343
2426;343
2427;343
2428;343
2429;343
2430;343
2431;343
2432;343
2433;342
2434;341
2435;341
2436;341
2437;341
2438;341
2439;340
2440;340
2441;340
2442;340
2443;339
2444;338
2445;337
2446;336
2447;336
2448;336
2449;336
2450;336
2451;336
2452;336
2453;336
2454;336
2455;336
2456;336
2457;336
2458;335
2459;334
2460;334
2461;334
2462;334
2463;333
2464;332
2465;332
2466;331
2467;330
2468;330
2469;330
2470;329
2471;329
2472;328
2473;328
2474;328
2475;328
2476;328
2477;328
2478;328
2479;328
2480;328
2481;328
2482;328
2483;328
2484;327
2485;327
2486;327
2487;327
2488;327
2489;327
2490;327
2491;327
2492;327
2493;327
2494;327
2495;326
2496;325
2497;325
2498;325
2499;325
2500;325
2501;325
2502;324
2503;324
2504;324
2505;324
2506;323
2507;323
2508;323
2509;322
2510;322
2511;322
2512;322
2513;322
2514;322
2515;322
2516;320
2517;320
2518;320
2519;320
2520;320
2521;320
2522;319
2523;319
2524;319
2525;319
2526;319
2527;319
2528;318
2529;318
2530;318
2531;318
2532;318
2533;318
2534;318
2535;318
2536;318
2537;317
2538;316
2539;316
2540;316
2541;315
2542;315
2543;314
2544;313
2545;313
2546;313
2547;313
2548;313
2549;313
2550;313
2551;313
2552;313
2553;313
2554;313
2555;313
2556;312
2557;312
2558;311
2559;311
2560;311
2561;311
2562;311
2563;310
2564;310
2565;310
2566;310
2567;310
2568;310
2569;310
2570;309
2571;309
2572;309
2573;309
2574;309
2575;309
2576;309
2577;309
2578;309
2579;308
2580;308
2581;308
2582;308
2583;308
2584;308
2585;308
2586;308
2587;307
2588;307
2589;307
2590;307
2591;307
2592;306
2593;306
2594;305
2595;305
2596;304
2597;304
2598;304
2599;304
2600;303
2601;303
2602;303
2603;303
2604;303
2605;303
2606;303
2607;303
2608;303
2609;303
2610;303
2611;303
2612;303
2613;303
2614;303
2615;302
2616;302
2617;302
2618;302
2619;302
2620;302
2621;302
2622;302
2623;302
2624;302
2625;301
2626;301
2627;301
2628;301
2629;301
2630;301
2631;301
2632;301
2633;301
2634;301
2635;301
2636;301
2637;301
2638;301
2639;301
2640;301
2641;301
2642;301
2643;301
2644;301
2645;301
2646;301
2647;301
2648;299
2649;299
2650;299
2651;299
2652;299
2653;299
2654;299
2655;298
2656;298
2657;298
2658;298
2659;298
2660;298
2661;298
2662;298
2663;298
2664;298
2665;298
2666;298
2667;298
2668;298
2669;298
2670;298
2671;298
2672;298
2673;298
2674;298
2675;297
2676;297
2677;297
2678;297
2679;297
2680;297
2681;297
2682;297
2683;297
2684;296
2685;295
2686;295
2687;295
2688;294
2689;294
2690;294
2691;294
2692;294
2693;294
2694;294
2695;294
2696;294
2697;294
2698;294
2699;294
2700;294
2701;294
2702;294
2703;294
2704;294
2705;294
2706;294
2707;294
2708;294
2709;294
2710;293
2711;293
2712;293
2713;293
2714;293
2715;293
2716;292
2717;292
2718;291
2719;291
2720;290
2721;290
2722;290
2723;290
2724;290
2725;290
2726;290
2727;290
2728;290
2729;290
2730;290
2731;290
2732;290
2733;290
2734;290
2735;290
2736;290
2737;290
2738;290
2739;290
2740;290
2741;290
2742;290
2743;290
2744;289
2745;289
2746;289
2747;288
2748;288
2749;288
2750;288
2751;288
2752;288
2753;288
2754;288
2755;288
2756;288
2757;288
2758;288
2759;287
2760;287
2761;287
2762;287
2763;286
2764;286
2765;286
2766;286
2767;286
2768;286
2769;286
2770;286
2771;285
2772;285
2773;285
2774;285
2775;285
2776;285
2777;285
2778;285
2779;285
2780;285
2781;284
2782;283
2783;283
2784;283
2785;283
2786;283
2787;283
2788;283
2789;283
2790;283
2791;283
2792;283
2793;283
2794;283
2795;283
2796;283
2797;283
2798;283
2799;283
2800;283
2801;283
2802;283
2803;283
2804;283
2805;283
2806;283
2807;283
2808;283
2809;283
2810;283
2811;283
2812;283
2813;283
2814;283
2815;283
2816;283
2817;283
2818;283
2819;283
2820;282
2821;282
2822;282
2823;282
2824;282
2825;282
2826;282
2827;282
2828;281
2829;281
2830;281
2831;281
2832;281
2833;281
2834;281
2835;281
2836;281
2837;281
2838;281
2839;281
2840;281
2841;281
2842;281
2843;280
2844;279
2845;279
2846;279
2847;279
2848;279
2849;279
2850;279
2851;279
2852;279
2853;279
2854;279
2855;279
2856;279
2857;278
2858;278
2859;278
2860;276
2861;276
2862;276
2863;276
2864;276
2865;276
2866;276
2867;276
2868;276
2869;276
2870;276
2871;276
2872;276
2873;276
2874;276
2875;276
2876;276
2877;276
2878;276
2879;276
2880;276
2881;276
2882;276
2883;276
2884;276
2885;275
2886;275
2887;275
2888;275
2889;274
2890;274
2891;274
2892;274
2893;274
2894;273
2895;273
2896;273
2897;273
2898;273
2899;273
2900;272
2901;272
2902;272
2903;272
2904;272
2905;272
2906;272
2907;272
2908;272
2909;272
2910;272
2911;272
2912;272
2913;272
2914;272
2915;272
2916;272
2917;272
2918;272
2919;271
2920;271
2921;270
2922;270
2923;270
2924;270
2925;270
2926;270
2927;270
2928;270
2929;270
2930;270
2931;270
2932;270
2933;270
2934;270
2935;270
2936;270
2937;270
2938;270
2939;270
2940;269
2941;269
2942;269
2943;269
2944;269
2945;269
2946;269
2947;269
2948;270
2949;270
2950;270
2951;269
2952;269
2953;269
2954;269
2955;267
2956;267
2957;267
2958;267
2959;267
2960;267
2961;267
2962;267
2963;266
2964;266
2965;266
2966;266
2967;266
2968;266
2969;266
2970;266
2971;266
2972;266
2973;266
2974;266
2975;266
2976;265
2977;265
2978;265
2979;265
2980;265
2981;265
2982;265
2983;265
2984;265
2985;265
2986;265
2987;265
2988;265
2989;265
2990;265
2991;264
2992;264
2993;263
2994;262
2995;262
2996;262
2997;262
2998;262
2999;262
3000;262
3001;262
3002;262
3003;262
3004;262
3005;262
3006;262
3007;262
3008;262
3009;262
3010;262
3011;262
3012;262
3013;262
3014;262
3015;262
3016;260
3017;260
3018;260
3019;260
3020;260
3021;260
3022;259
3023;259
3024;259
3025;259
3026;259
3027;258
3028;258
3029;258
3030;258
3031;257
3032;257
3033;257
3034;257
3035;257
3036;257
3037;257
3038;257
3039;257
3040;255
3041;255
3042;255
3043;255
3044;254
3045;254
3046;254
3047;254
3048;254
3049;254
3050;253
3051;252
3052;252
3053;252
3054;252
3055;252
3056;251
3057;251
3058;251
3059;251
3060;251
3061;251
3062;251
3063;251
3064;251
3065;251
3066;251
3067;251
3068;251
3069;251
3070;251
3071;249
3072;248
3073;248
3074;248
3075;248
3076;248
3077;248
3078;248
3079;248
3080;248
3081;247
3082;246
3083;246
3084;246
3085;246
3086;246
3087;246
3088;246
3089;246
3090;246
3091;246
3092;246
3093;246
3094;246
3095;246
3096;246
3097;246
3098;246
3099;246
3100;245
3101;245
3102;245
3103;245
3104;245
3105;245
3106;245
3107;245
3108;245
3109;245
3110;244
3111;244
3112;244
3113;244
3114;244
3115;244
3116;244
3117;244
3118;244
3119;244
3120;244
3121;244
3122;244
3123;244
3124;244
3125;244
3126;244
3127;244
3128;244
3129;244
3130;244
3131;244
3132;244
3133;244
3134;244
3135;243
3136;243
3137;243
3138;242
3139;242
3140;242
3141;242
3142;242
3143;242
3144;242
3145;242
3146;242
3147;242
3148;242
3149;241
3150;241
3151;241
3152;241
3153;241
3154;241
3155;241
3156;241
3157;241
3158;241
3159;241
3160;241
3161;241
3162;241
3163;241
3164;241
3165;241
3166;240
3167;240
3168;240
3169;239
3170;238
3171;238
3172;238
3173;238
3174;238
3175;238
3176;238
3177;238
3178;238
3179;238
3180;238
3181;238
3182;238
3183;238
3184;238
3185;238
3186;238
3187;238
3188;238
3189;238
3190;238
3191;238
3192;238
3193;238
3194;238
3195;238
3196;237
3197;237
3198;237
3199;237
3200;236
3201;235
3202;235
3203;235
3204;235
3205;235
3206;235
3207;235
3208;235
3209;235
3210;235
3211;235
3212;234
3213;234
3214;234
3215;234
3216;234
3217;234
3218;233
3219;233
3220;233
3221;233
3222;233
3223;233
3224;233
3225;233
3226;232
3227;232
3228;231
3229;231
3230;231
3231;231
3232;230
3233;230
3234;230
3235;230
3236;230
3237;230
3238;230
3239;230
3240;230
3241;230
3242;230
3243;230
3244;230
3245;230
3246;230
3247;230
3248;230
3249;230
3250;230
3251;230
3252;230
3253;230
3254;230
3255;229
3256;229
3257;229
3258;229
3259;229
3260;229
3261;229
3262;229
3263;229
3264;229
3265;229
3266;229
3267;229
3268;229
3269;229
3270;229
3271;229
3272;229
3273;228
3274;228
3275;228
3276;228
3277;228
3278;228
3279;228
3280;228
3281;228
3282;228
3283;228
3284;228
3285;228
3286;228
3287;228
3288;228
3289;228
3290;228
3291;228
3292;228
3293;228
3294;228
3295;228
3296;228
3297;227
3298;227
3299;227
3300;227
3301;227
3302;227
3303;227
3304;227
3305;227
3306;227
3307;227
3308;227
3309;227
3310;225
3311;225
3312;225
3313;225
3314;225
3315;225
3316;225
3317;225
3318;225
3319;225
3320;225
3321;225
3322;225
3323;225
3324;225
3325;224
3326;224
3327;224
3328;223
3329;223
3330;223
3331;222
3332;222
3333;222
3334;222
3335;222
3336;222
3337;222
3338;222
3339;222
3340;222
3341;222
3342;222
3343;222
3344;221
3345;221
3346;221
3347;221
3348;221
3349;221
3350;221
3351;221
3352;221
3353;221
3354;221
3355;221
3356;220
3357;219
3358;219
3359;219
3360;219
3361;219
3362;219
3363;219
3364;219
3365;219
3366;219
3367;218
3368;218
3369;218
3370;218
3371;218
3372;218
3373;218
3374;218
3375;218
3376;218
3377;218
3378;218
3379;218
3380;218
3381;217
3382;217
3383;217
3384;217
3385;217
3386;217
3387;217
3388;217
3389;217
3390;217
3391;217
3392;216
3393;216
3394;216
3395;216
3396;216
3397;216
3398;216
3399;216
3400;216
3401;216
3402;216
3403;216
3404;216
3405;216
3406;216
3407;216
3408;216
3409;216
3410;216
3411;216
3412;215
3413;215
3414;215
3415;215
3416;215
3417;215
3418;215
3419;215
3420;215
3421;215
3422;215
3423;215
3424;214
3425;213
3426;213
3427;213
3428;213
3429;213
3430;213
3431;213
3432;213
3433;213
3434;213
3435;213
3436;213
3437;213
3438;212
3439;212
3440;212
3441;212
3442;212
3443;212
3444;212
3445;212
3446;212
3447;212
3448;212
3449;212
3450;212
3451;211
3452;211
3453;211
3454;211
3455;211
3456;211
3457;211
3458;211
3459;211
3460;211
3461;210
3462;210
3463;210
3464;210
3465;210
3466;210
3467;210
3468;210
3469;210
3470;210
3471;210
3472;210
3473;209
3474;209
3475;209
3476;209
3477;208
3478;208
3479;208
3480;208
3481;208
3482;208
3483;208
3484;208
3485;208
3486;208
3487;208
3488;208
3489;208
3490;208
3491;208
3492;208
3493;208
3494;207
3495;207
3496;207
3497;207
3498;207
3499;207
3500;207
3501;207
3502;207
3503;207
3504;207
3505;207
3506;207
3507;207
3508;207
3509;207
3510;207
3511;207
3512;207
3513;207
3514;207
3515;207
3516;207
3517;207
3518;207
3519;207
3520;207
3521;207
3522;207
3523;207
3524;207
3525;207
3526;207
3527;207
3528;207
3529;207
3530;207
3531;207
3532;207
3533;207
3534;207
3535;207
3536;207
3537;207
3538;207
3539;207
3540;207
3541;207
3542;207
3543;206
3544;206
3545;206
3546;205
3547;205
3548;205
3549;205
3550;205
3551;205
3552;204
3553;204
3554;204
3555;204
3556;204
3557;204
3558;204
3559;204
3560;204
3561;204
3562;204
3563;204
3564;204
3565;204
3566;204
3567;204
3568;204
3569;204
3570;204
3571;204
3572;204
3573;204
3574;204
3575;204
3576;204
3577;204
3578;204
3579;204
3580;204
3581;204
3582;204
3583;204
3584;204
3585;204
3586;203
3587;203
3588;203
3589;203
3590;203
3591;202
3592;202
3593;202
3594;202
3595;202
3596;202
3597;202
3598;202
3599;202
3600;202
3601;202
3602;202
3603;202
3604;202
3605;202
3606;201
3607;201
3608;201
3609;201
3610;201
3611;201
3612;201
3613;200
3614;199
3615;199
3616;199
3617;199
3618;199
3619;199
3620;199
3621;199
3622;199
3623;199
3624;199
3625;199
3626;199
3627;199
3628;199
3629;199
3630;199
3631;198
3632;198
3633;198
3634;198
3635;198
3636;198
3637;198
3638;198
3639;198
3640;198
3641;198
3642;198
3643;198
3644;198
3645;198
3646;198
3647;198
3648;198
3649;198
3650;198
3651;198
3652;198
3653;198
3654;198
3655;198
3656;198
3657;198
3658;198
3659;198
3660;198
3661;198
3662;198
3663;198
3664;198
3665;198
3666;198
3667;198
3668;198
3669;198
3670;198
3671;197
3672;197
3673;197
3674;197
3675;197
3676;197
3677;197
3678;197
3679;197
3680;197
3681;197
3682;197
3683;197
3684;197
3685;197
3686;197
3687;197
3688;197
3689;195
3690;195
3691;195
3692;195
3693;195
3694;195
3695;195
3696;195
3697;195
3698;195
3699;195
3700;195
3701;195
3702;195
3703;195
3704;195
3705;194
3706;194
3707;194
3708;194
3709;194
3710;194
3711;194
3712;194
3713;194
3714;194
3715;194
3716;194
3717;194
3718;194
3719;194
3720;194
3721;194
3722;194
3723;194
3724;194
3725;194
3726;194
3727;194
3728;194
3729;194
3730;194
3731;193
3732;192
3733;192
3734;192
3735;192
3736;192
3737;191
3738;191
3739;191
3740;190
3741;190
3742;190
3743;190
3744;190
3745;190
3746;190
3747;189
3748;189
3749;189
3750;189
3751;189
3752;189
3753;189
3754;189
3755;189
3756;189
3757;189
3758;189
3759;189
3760;189
3761;189
3762;189
3763;189
3764;189
3765;188
3766;188
3767;188
3768;188
3769;188
3770;188
3771;188
3772;188
3773;188
3774;188
3775;188
3776;188
3777;188
3778;188
3779;188
3780;188
3781;188
3782;188
3783;188
3784;188
3785;188
3786;188
3787;188
3788;187
3789;187
3790;187
3791;187
3792;187
3793;187
3794;187
3795;187
3796;187
3797;187
3798;187
3799;187
3800;187
3801;187
3802;187
3803;187
3804;187
3805;187
3806;187
3807;187
3808;186
3809;186
3810;185
3811;185
3812;185
3813;185
3814;185
3815;185
3816;185
3817;185
3818;185
3819;185
3820;185
3821;185
3822;185
3823;185
3824;185
3825;185
3826;185
3827;185
3828;185
3829;185
3830;185
3831;185
3832;185
3833;185
3834;185
3835;184
3836;184
3837;184
3838;184
3839;184
3840;184
3841;184
3842;184
3843;184
3844;184
3845;184
3846;183
3847;182
3848;182
3849;182
3850;182
3851;182
3852;182
3853;182
3854;182
3855;182
3856;182
3857;182
3858;182
3859;182
3860;182
3861;182
3862;182
3863;182
3864;182
3865;182
3866;182
3867;182
3868;182
3869;182
3870;182
3871;182
3872;182
3873;182
3874;182
3875;182
3876;182
3877;182
3878;182
3879;182
3880;182
3881;182
3882;182
3883;182
3884;182
3885;182
3886;182
3887;182
3888;182
3889;181
3890;180
3891;180
3892;180
3893;180
3894;180
3895;180
3896;180
3897;180
3898;180
3899;180
3900;180
3901;179
3902;179
3903;179
3904;179
3905;179
3906;179
3907;179
3908;179
3909;178
3910;178
3911;178
3912;178
3913;178
3914;178
3915;178
3916;178
3917;178
3918;178
3919;178
3920;178
3921;178
3922;178
3923;178
3924;178
3925;178
3926;178
3927;178
3928;178
3929;178
3930;178
3931;178
3932;178
3933;178
3934;178
3935;178
3936;178
3937;178
3938;178
3939;178
3940;178
3941;178
3942;178
3943;178
3944;178
3945;178
3946;178
3947;178
3948;178
3949;178
3950;178
3951;178
3952;178
3953;178
3954;178
3955;177
3956;177
3957;177
3958;177
3959;177
3960;177
3961;177
3962;177
3963;177
3964;176
3965;176
3966;176
3967;176
3968;176
3969;176
3970;175
3971;175
3972;175
3973;174
3974;174
3975;174
3976;174
3977;174
3978;174
3979;174
3980;174
3981;174
3982;174
3983;174
3984;174
3985;174
3986;174
3987;174
3988;174
3989;174
3990;174
3991;174
3992;174
3993;174
3994;174
3995;174
3996;174
3997;174
3998;174
3999;174
4000;174
4001;174
4002;174
4003;174
4004;173
4005;173
4006;173
4007;173
4008;173
4009;173
4010;173
4011;173
4012;173
4013;172
4014;172
4015;172
4016;172
4017;172
4018;172
4019;172
4020;172
4021;172
4022;171
4023;171
4024;171
4025;171
4026;171
4027;171
4028;171
4029;170
4030;170
4031;170
4032;170
4033;170
4034;170
4035;170
4036;170
4037;170
4038;170
4039;170
4040;170
4041;170
4042;170
4043;170
4044;170
4045;170
4046;170
4047;170
4048;170
4049;170
4050;170
4051;170
4052;170
4053;170
4054;170
4055;170
4056;170
4057;170
4058;170
4059;170
4060;170
4061;170
4062;170
4063;170
4064;169
4065;168
4066;168
4067;168
4068;168
4069;168
4070;168
4071;168
4072;168
4073;168
4074;168
4075;168
4076;168
4077;168
4078;168
4079;168
4080;168
4081;168
4082;168
4083;168
4084;168
4085;168
4086;168
4087;168
4088;168
4089;168
4090;168
4091;168
4092;168
4093;168
4094;168
4095;168
4096;168
4097;168
4098;168
4099;168
4100;167
4101;167
4102;168
4103;168
4104;168
4105;168
4106;168
4107;168
4108;168
4109;168
4110;168
4111;167
4112;167
4113;166
4114;166
4115;166
4116;166
4117;166
4118;166
4119;166
4120;165
4121;165
4122;164
4123;164
4124;164
4125;164
4126;164
4127;164
4128;164
4129;164
4130;164
4131;164
4132;164
4133;164
4134;164
4135;164
4136;164
4137;164
4138;164
4139;164
4140;163
4141;163
4142;163
4143;163
4144;163
4145;163
4146;163
4147;162
4148;162
4149;162
4150;162
4151;162
4152;162
4153;162
4154;162
4155;162
4156;162
4157;161
4158;161
4159;161
4160;161
4161;161
4162;161
4163;161
4164;161
4165;161
4166;160
4167;160
4168;160
4169;160
4170;160
4171;159
4172;159
4173;159
4174;159
4175;159
4176;159
4177;159
4178;159
4179;159
4180;159
4181;159
4182;159
4183;159
4184;159
4185;159
4186;158
4187;158
4188;158
4189;158
4190;158
4191;158
4192;158
4193;158
4194;158
4195;157
4196;157
4197;157
4198;157
4199;157
4200;157
4201;157
4202;157
4203;157
4204;157
4205;157
4206;157
4207;157
4208;156
4209;155
4210;155
4211;155
4212;154
4213;154
4214;154
4215;154
4216;154
4217;154
4218;154
4219;154
4220;154
4221;154
4222;154
4223;154
4224;154
4225;153
4226;153
4227;153
4228;153
4229;153
4230;153
4231;153
4232;153
4233;153
4234;153
4235;153
4236;153
4237;153
4238;152
4239;152
4240;151
4241;151
4242;151
4243;151
4244;151
4245;151
4246;151
4247;150
4248;150
4249;150
4250;150
4251;150
4252;149
4253;149
4254;149
4255;149
4256;148
4257;148
4258;148
4259;148
4260;148
4261;148
4262;148
4263;148
4264;148
4265;148
4266;148
4267;148
4268;148
4269;148
4270;148
4271;148
4272;148
4273;148
4274;148
4275;148
4276;148
4277;147
4278;147
4279;147
4280;147
4281;147
4282;147
4283;147
4284;147
4285;147
4286;147
4287;147
4288;147
4289;147
4290;147
4291;147
4292;147
4293;147
4294;146
4295;146
4296;146
4297;146
4298;146
4299;146
4300;146
4301;146
4302;146
4303;146
4304;146
4305;146
4306;146
4307;146
4308;146
4309;146
4310;146
4311;145
4312;145
4313;145
4314;145
4315;145
4316;145
4317;145
4318;145
4319;145
4320;145
4321;145
4322;145
4323;145
4324;145
4325;145
4326;145
4327;145
4328;145
4329;145
4330;145
4331;145
4332;144
4333;144
4334;144
4335;144
4336;144
4337;144
4338;144
4339;144
4340;144
4341;144
4342;144
4343;144
4344;144
4345;144
4346;144
4347;144
4348;144
4349;144
4350;144
4351;144
4352;144
4353;144
4354;144
4355;144
4356;144
4357;144
4358;143
4359;143
4360;143
4361;143
4362;143
4363;143
4364;143
4365;143
4366;143
4367;143
4368;143
4369;143
4370;143
4371;143
4372;143
4373;143
4374;141
4375;141
4376;141
4377;141
4378;141
4379;141
4380;141
4381;141
4382;141
4383;141
4384;141
4385;141
4386;141
4387;141
4388;141
4389;141
4390;141
4391;141
4392;141
4393;141
4394;141
4395;141
4396;141
4397;141
4398;141
4399;141
4400;141
4401;141
4402;141
4403;141
4404;141
4405;141
4406;141
4407;141
4408;141
4409;141
4410;141
4411;141
4412;141
4413;141
4414;141
4415;141
4416;141
4417;141
4418;141
4419;141
4420;141
4421;141
4422;141
4423;141
4424;141
4425;140
4426;140
4427;140
4428;140
4429;140
4430;140
4431;140
4432;140
4433;140
4434;140
4435;140
4436;140
4437;140
4438;140
4439;140
4440;140
4441;140
4442;139
4443;139
4444;139
4445;138
4446;138
4447;138
4448;137
4449;136
4450;136
4451;136
4452;136
4453;135
4454;135
4455;135
4456;135
4457;135
4458;135
4459;135
4460;135
4461;135
4462;135
4463;135
4464;135
4465;135
4466;135
4467;135
4468;135
4469;135
4470;135
4471;135
4472;135
4473;135
4474;135
4475;135
4476;135
4477;135
4478;135
4479;135
4480;135
4481;135
4482;135
4483;135
4484;135
4485;135
4486;135
4487;135
4488;135
4489;135
4490;135
4491;135
4492;135
4493;135
4494;135
4495;135
4496;135
4497;135
4498;135
4499;135
4500;135
4501;135
4502;135
4503;135
4504;135
4505;135
4506;134
4507;134
4508;134
4509;134
4510;134
4511;134
4512;134
4513;134
4514;134
4515;134
4516;134
4517;134
4518;134
4519;134
4520;134
4521;134
4522;134
4523;133
4524;133
4525;133
4526;132
4527;132
4528;132
4529;132
4530;132
4531;132
4532;132
4533;132
4534;132
4535;132
4536;132
4537;131
4538;131
4539;131
4540;131
4541;131
4542;131
4543;130
4544;130
4545;130
4546;130
4547;130
4548;130
4549;130
4550;130
4551;129
4552;129
4553;129
4554;129
4555;129
4556;129
4557;129
4558;129
4559;129
4560;127
4561;127
4562;127
4563;127
4564;127
4565;127
4566;127
4567;127
4568;127
4569;127
4570;127
4571;127
4572;127
4573;127
4574;127
4575;127
4576;127
4577;127
4578;127
4579;127
4580;127
4581;127
4582;127
4583;127
4584;127
4585;127
4586;127
4587;127
4588;127
4589;127
4590;127
4591;127
4592;127
4593;127
4594;127
4595;127
4596;127
4597;127
4598;126
4599;126
4600;126
4601;125
4602;125
4603;125
4604;125
4605;125
4606;125
4607;125
4608;125
4609;125
4610;124
4611;124
4612;124
4613;124
4614;124
4615;124
4616;124
4617;123
4618;123
4619;123
4620;123
4621;123
4622;123
4623;123
4624;123
4625;123
4626;123
4627;121
4628;121
4629;121
4630;121
4631;121
4632;121
4633;121
4634;121
4635;121
4636;121
4637;121
4638;121
4639;121
4640;121
4641;121
4642;121
4643;121
4644;121
4645;121
4646;121
4647;121
4648;121
4649;121
4650;121
4651;121
4652;121
4653;121
4654;121
4655;121
4656;121
4657;121
4658;121
4659;121
4660;121
4661;121
4662;121
4663;121
4664;121
4665;121
4666;120
4667;120
4668;120
4669;120
4670;120
4671;120
4672;120
4673;120
4674;120
4675;120
4676;119
4677;119
4678;119
4679;119
4680;119
4681;118
4682;118
4683;118
4684;118
4685;118
4686;118
4687;118
4688;118
4689;118
4690;118
4691;118
4692;118
4693;118
4694;118
4695;118
4696;118
4697;118
4698;118
4699;118
4700;118
4701;118
4702;118
4703;118
4704;118
4705;118
4706;118
4707;118
4708;118
4709;118
4710;118
4711;118
4712;118
4713;118
4714;118
4715;118
4716;118
4717;118
4718;118
4719;118
4720;118
4721;117
4722;117
4723;117
4724;117
4725;117
4726;117
4727;117
4728;117
4729;117
4730;117
4731;117
4732;117
4733;117
4734;117
4735;116
4736;116
4737;116
4738;116
4739;116
4740;116
4741;116
4742;116
4743;116
4744;116
4745;116
4746;116
4747;116
4748;116
4749;116
4750;116
4751;116
4752;116
4753;116
4754;116
4755;116
4756;116
4757;116
4758;116
4759;116
4760;116
4761;116
4762;116
4763;116
4764;116
4765;116
4766;115
4767;115
4768;115
4769;115
4770;115
4771;115
4772;115
4773;114
4774;114
4775;114
4776;114
4777;114
4778;114
4779;114
4780;113
4781;113
4782;113
4783;113
4784;112
4785;110
4786;110
4787;110
4788;110
4789;110
4790;110
4791;110
4792;110
4793;110
4794;110
4795;110
4796;110
4797;110
4798;110
4799;110
4800;110
4801;110
4802;110
4803;110
4804;110
4805;110
4806;110
4807;109
4808;109
4809;109
4810;109
4811;109
4812;109
4813;109
4814;109
4815;109
4816;109
4817;109
4818;109
4819;108
4820;108
4821;108
4822;108
4823;108
4824;108
4825;108
4826;108
4827;108
4828;108
4829;108
4830;108
4831;108
4832;108
4833;108
4834;108
4835;108
4836;108
4837;108
4838;108
4839;108
4840;108
4841;108
4842;108
4843;108
4844;108
4845;108
4846;108
4847;108
4848;108
4849;108
4850;108
4851;108
4852;108
4853;108
4854;108
4855;108
4856;108
4857;108
4858;108
4859;108
4860;108
4861;108
4862;108
4863;108
4864;108
4865;108
4866;108
4867;108
4868;107
4869;107
4870;107
4871;107
4872;107
4873;107
4874;107
4875;107
4876;107
4877;107
4878;107
4879;107
4880;107
4881;107
4882;107
4883;107
4884;107
4885;107
4886;107
4887;107
4888;107
4889;107
4890;107
4891;107
4892;107
4893;107
4894;107
4895;107
4896;107
4897;107
4898;107
4899;107
4900;107
4901;107
4902;107
4903;107
4904;107
4905;107
4906;107
4907;107
4908;107
4909;107
4910;106
4911;106
4912;106
4913;106
4914;106
4915;106
4916;106
4917;106
4918;105
4919;105
4920;105
4921;105
4922;105
4923;105
4924;105
4925;105
4926;105
4927;105
4928;105
4929;105
4930;105
4931;105
4932;105
4933;105
4934;105
4935;104
4936;103
4937;103
4938;103
4939;103
4940;103
4941;103
4942;103
4943;103
4944;103
4945;103
4946;103
4947;103
4948;102
4949;102
4950;102
4951;101
4952;101
4953;101
4954;101
4955;101
4956;101
4957;101
4958;101
4959;101
4960;101
4961;101
4962;101
4963;101
4964;101
4965;101
4966;101
4967;101
4968;101
4969;101
4970;101
4971;101
4972;101
4973;101
4974;101
4975;101
4976;101
4977;101
4978;101
4979;101
4980;101
4981;101
4982;101
4983;101
4984;101
4985;101
4986;101
4987;101
4988;101
4989;101
4990;101
4991;101
4992;100
4993;100
4994;100
4995;100
4996;99
4997;99
4998;99
4999;99
5000;99
5001;99
5002;99
5003;99
5004;99
5005;99
5006;99
5007;99
5008;99
5009;99
5010;99
5011;99
5012;99
5013;99
5014;98
5015;98
5016;98
5017;98
5018;98
5019;98
5020;98
5021;98
5022;98
5023;98
5024;98
5025;98
5026;97
5027;97
5028;97
5029;96
5030;96
5031;96
5032;96
5033;96
5034;96
5035;96
5036;96
5037;96
5038;96
5039;96
5040;96
5041;96
5042;96
5043;96
5044;96
5045;96
5046;96
5047;96
5048;96
5049;96
5050;96
5051;96
5052;96
5053;96
5054;96
5055;96
5056;96
5057;96
5058;96
5059;96
5060;96
5061;95
5062;94
5063;94
5064;94
5065;94
5066;94
5067;94
5068;94
5069;94
5070;94
5071;94
5072;94
5073;92
5074;91
5075;91
5076;91
5077;91
5078;91
5079;91
5080;91
5081;91
5082;91
5083;91
5084;91
5085;91
5086;91
5087;91
5088;91
5089;91
5090;91
5091;90
5092;90
5093;90
5094;90
5095;90
5096;90
5097;90
5098;90
5099;90
5100;90
5101;90
5102;90
5103;90
5104;90
5105;90
5106;90
5107;90
5108;90
5109;90
5110;90
5111;90
5112;90
5113;90
5114;90
5115;90
5116;90
5117;90
5118;90
5119;90
5120;90
5121;90
5122;90
5123;90
5124;90
5125;90
5126;90
5127;90
5128;90
5129;90
5130;90
5131;90
5132;90
5133;90
5134;89
5135;89
5136;89
5137;89
5138;89
5139;89
5140;89
5141;89
5142;89
5143;89
5144;89
5145;89
5146;88
5147;88
5148;87
5149;87
5150;86
5151;86
5152;86
5153;86
5154;86
5155;85
5156;85
5157;85
5158;85
5159;85
5160;85
5161;85
5162;85
5163;85
5164;84
5165;84
5166;83
5167;83
5168;83
5169;83
5170;83
5171;83
5172;83
5173;83
5174;83
5175;83
5176;83
5177;83
5178;83
5179;83
5180;83
5181;83
5182;83
5183;83
5184;83
5185;83
5186;81
5187;81
5188;81
5189;81
5190;81
5191;81
5192;81
5193;81
5194;81
5195;81
5196;81
5197;81
5198;81
5199;81
5200;81
5201;81
5202;81
5203;81
5204;81
5205;81
5206;81
5207;81
5208;81
5209;81
5210;81
5211;81
5212;81
5213;81
5214;81
5215;81
5216;81
5217;81
5218;81
5219;81
5220;81
5221;81
5222;81
5223;81
5224;81
5225;81
5226;81
5227;80
5228;80
5229;80
5230;80
5231;80
5232;80
5233;80
5234;80
5235;80
5236;80
5237;80
5238;80
5239;80
5240;80
5241;80
5242;80
5243;80
5244;80
5245;80
5246;80
5247;80
5248;80
5249;80
5250;80
5251;80
5252;80
5253;80
5254;79
5255;79
5256;79
5257;79
5258;79
5259;79
5260;79
5261;79
5262;79
5263;79
5264;79
5265;79
5266;79
5267;78
5268;78
5269;78
5270;78
5271;78
5272;78
5273;78
5274;78
5275;78
5276;78
5277;77
5278;77
5279;77
5280;77
5281;77
5282;77
5283;77
5284;76
5285;76
5286;76
5287;76
5288;76
5289;76
5290;76
5291;76
5292;76
5293;76
5294;76
5295;76
5296;76
5297;76
5298;76
5299;76
5300;76
5301;76
5302;76
5303;76
5304;76
5305;76
5306;76
5307;75
5308;75
5309;75
5310;75
5311;74
5312;74
5313;74
5314;74
5315;74
5316;74
5317;74
5318;74
5319;74
5320;74
5321;74
5322;74
5323;74
5324;74
5325;74
5326;74
5327;74
5328;74
5329;74
5330;74
5331;74
5332;74
5333;74
5334;74
5335;74
5336;74
5337;74
5338;74
5339;74
5340;74
5341;74
5342;74
5343;74
5344;73
5345;73
5346;73
5347;73
5348;73
5349;73
5350;73
5351;73
5352;73
5353;73
5354;73
5355;73
5356;73
5357;73
5358;73
5359;72
5360;72
5361;72
5362;72
5363;72
5364;72
5365;72
5366;72
5367;72
5368;72
5369;72
5370;72
5371;72
5372;72
5373;71
5374;71
5375;71
5376;71
5377;71
5378;71
5379;71
5380;71
5381;70
5382;70
5383;70
5384;70
5385;70
5386;70
5387;70
5388;70
5389;70
5390;70
5391;70
5392;70
5393;70
5394;70
5395;70
5396;70
5397;70
5398;70
5399;70
5400;70
5401;70
5402;69
5403;69
5404;69
5405;69
5406;69
5407;69
5408;69
5409;69
5410;69
5411;69
5412;69
5413;69
5414;69
5415;69
5416;69
5417;69
5418;69
5419;68
5420;68
5421;68
5422;67
5423;67
5424;67
5425;67
5426;67
5427;67
5428;67
5429;67
5430;67
5431;67
5432;67
5433;67
5434;67
5435;67
5436;67
5437;67
5438;67
5439;67
5440;67
5441;67
5442;67
5443;67
5444;67
5445;66
5446;66
5447;66
5448;66
5449;66
5450;66
5451;66
5452;66
5453;66
5454;66
5455;66
5456;66
5457;66
5458;66
5459;66
5460;66
5461;66
5462;66
5463;66
5464;66
5465;66
5466;66
5467;66
5468;66
5469;66
5470;66
5471;66
5472;66
5473;66
5474;66
5475;66
5476;66
5477;66
5478;66
5479;66
5480;66
5481;66
5482;66
5483;66
5484;66
5485;66
5486;65
5487;65
5488;64
5489;64
5490;64
5491;64
5492;64
5493;64
5494;64
5495;64
5496;64
5497;64
5498;64
5499;64
5500;64
5501;64
5502;64
5503;64
5504;64
5505;64
5506;64
5507;64
5508;64
5509;64
5510;64
5511;64
5512;64
5513;64
5514;64
5515;64
5516;64
5517;63
5518;63
5519;63
5520;63
5521;62
5522;62
5523;62
5524;62
5525;62
5526;62
5527;62
5528;62
5529;62
5530;62
5531;62
5532;62
5533;62
5534;62
5535;62
5536;62
5537;62
5538;62
5539;61
5540;61
5541;61
5542;61
5543;61
5544;61
5545;61
5546;61
5547;61
5548;61
5549;61
5550;61
5551;61
5552;61
5553;61
5554;61
5555;61
5556;61
5557;61
5558;61
5559;61
5560;61
5561;61
5562;61
5563;61
5564;61
5565;61
5566;61
5567;61
5568;61
5569;60
5570;59
5571;59
5572;59
5573;59
5574;59
5575;59
5576;59
5577;59
5578;59
5579;59
5580;59
5581;59
5582;59
5583;59
5584;59
5585;59
5586;59
5587;59
5588;59
5589;59
5590;59
5591;59
5592;59
5593;59
5594;59
5595;59
5596;59
5597;59
5598;59
5599;59
5600;59
5601;59
5602;59
5603;59
5604;59
5605;59
5606;59
5607;59
5608;59
5609;59
5610;59
5611;59
5612;59
5613;59
5614;59
5615;59
5616;59
5617;59
5618;59
5619;59
5620;59
5621;59
5622;59
5623;59
5624;59
5625;59
5626;59
5627;59
5628;59
5629;59
5630;59
5631;59
5632;59
5633;59
5634;59
5635;59
5636;59
5637;59
5638;59
5639;59
5640;59
5641;59
5642;59
5643;59
5644;59
5645;59
5646;59
5647;59
5648;59
5649;59
5650;59
5651;59
5652;59
5653;59
5654;59
5655;59
5656;59
5657;59
5658;59
5659;59
5660;59
5661;59
5662;59
5663;59
5664;59
5665;59
5666;59
5667;59
5668;59
5669;59
5670;59
5671;59
5672;59
5673;59
5674;58
5675;58
5676;58
5677;58
5678;58
5679;58
5680;58
5681;58
5682;58
5683;57
5684;57
5685;57
5686;57
5687;57
5688;57
5689;57
5690;57
5691;57
5692;57
5693;57
5694;57
5695;57
5696;57
5697;57
5698;57
5699;57
5700;57
5701;57
5702;57
5703;57
5704;57
5705;57
5706;57
5707;57
5708;57
5709;57
5710;57
5711;57
5712;56
5713;56
5714;56
5715;56
5716;56
5717;56
5718;55
5719;55
5720;55
5721;55
5722;55
5723;55
5724;55
5725;55
5726;55
5727;55
5728;55
5729;55
5730;55
5731;55
5732;55
5733;55
5734;55
5735;55
5736;55
5737;55
5738;55
5739;55
5740;55
5741;55
5742;55
5743;55
5744;55
5745;55
5746;55
5747;55
5748;55
5749;55
5750;55
5751;55
5752;55
5753;55
5754;55
5755;55
5756;55
5757;55
5758;55
5759;55
5760;55
5761;55
5762;55
5763;55
5764;55
5765;55
5766;55
5767;54
5768;54
5769;54
5770;54
5771;54
5772;54
5773;54
5774;54
5775;54
5776;54
5777;54
5778;54
5779;54
5780;54
5781;54
5782;54
5783;54
5784;54
5785;54
5786;54
5787;54
5788;54
5789;54
5790;54
5791;54
5792;54
5793;54
5794;53
5795;53
5796;53
5797;53
5798;53
5799;53
5800;53
5801;53
5802;53
5803;53
5804;52
5805;52
5806;52
5807;52
5808;52
5809;52
5810;52
5811;52
5812;52
5813;52
5814;52
5815;52
5816;52
5817;52
5818;52
5819;52
5820;52
5821;52
5822;52
5823;52
5824;52
5825;52
5826;51
5827;51
5828;51
5829;51
5830;51
5831;51
5832;51
5833;50
5834;50
5835;50
5836;50
5837;50
5838;50
5839;50
5840;50
5841;50
5842;50
5843;50
5844;49
5845;49
5846;49
5847;49
5848;49
5849;49
5850;49
5851;49
5852;49
5853;49
5854;49
5855;48
5856;48
5857;48
5858;48
5859;48
5860;48
5861;48
5862;48
5863;47
5864;47
5865;47
5866;47
5867;47
5868;47
5869;47
5870;46
5871;45
5872;45
5873;45
5874;45
5875;45
5876;45
5877;45
5878;45
5879;45
5880;45
5881;45
5882;45
5883;45
5884;45
5885;45
5886;45
5887;45
5888;45
5889;45
5890;45
5891;45
5892;45
5893;45
5894;45
5895;45
5896;45
5897;45
5898;45
5899;45
5900;45
5901;45
5902;45
5903;45
5904;45
5905;45
5906;45
5907;45
5908;45
5909;45
5910;45
5911;45
5912;45
5913;45
5914;45
5915;45
5916;45
5917;45
5918;45
5919;45
5920;45
5921;45
5922;45
5923;45
5924;45
5925;45
5926;45
5927;45
5928;45
5929;45
5930;45
5931;45
5932;45
5933;45
5934;45
5935;45
5936;45
5937;45
5938;45
5939;44
5940;44
5941;44
5942;44
5943;44
5944;44
5945;44
5946;44
5947;44
5948;44
5949;44
5950;44
5951;44
5952;44
5953;44
5954;44
5955;44
5956;44
5957;44
5958;44
5959;44
5960;44
5961;44
5962;44
5963;44
5964;44
5965;44
5966;44
5967;44
5968;44
5969;44
5970;44
5971;44
5972;44
5973;44
5974;44
5975;44
5976;43
5977;42
5978;42
5979;42
5980;42
5981;42
5982;42
5983;42
5984;42
5985;41
5986;41
5987;41
5988;41
5989;41
5990;41
5991;41
5992;41
5993;41
5994;40
5995;40
5996;40
5997;40
5998;40
5999;40
6000;40
6001;40
6002;40
6003;40
6004;40
6005;40
6006;40
6007;40
6008;40
6009;40
6010;40
6011;40
6012;40
6013;40
6014;40
6015;40
6016;40
6017;40
6018;40
6019;40
6020;40
6021;40
6022;40
6023;40
6024;40
6025;40
6026;40
6027;40
6028;40
6029;40
6030;40
6031;40
6032;40
6033;40
6034;40
6035;40
6036;40
6037;40
6038;40
6039;40
6040;40
6041;40
6042;40
6043;40
6044;40
6045;40
6046;40
6047;40
6048;40
6049;40
6050;40
6051;40
6052;40
6053;40
6054;40
6055;40
6056;40
6057;40
6058;40
6059;40
6060;40
6061;40
6062;40
6063;40
6064;40
6065;40
6066;40
6067;40
6068;40
6069;40
6070;40
6071;40
6072;40
6073;40
6074;40
6075;40
6076;40
6077;40
6078;40
6079;40
6080;40
6081;40
6082;40
6083;40
6084;40
6085;40
6086;39
6087;39
6088;39
6089;39
6090;39
6091;39
6092;39
6093;39
6094;39
6095;39
6096;39
6097;39
6098;39
6099;39
6100;39
6101;39
6102;39
6103;39
6104;39
6105;39
6106;39
6107;39
6108;39
6109;39
6110;39
6111;39
6112;39
6113;39
6114;39
6115;39
6116;39
6117;39
6118;39
6119;39
6120;39
6121;39
6122;39
6123;39
6124;39
6125;39
6126;39
6127;39
6128;39
6129;39
6130;39
6131;39
6132;39
6133;39
6134;39
6135;39
6136;39
6137;39
6138;39
6139;39
6140;39
6141;39
6142;39
6143;39
6144;39
6145;39
6146;39
6147;39
6148;39
6149;39
6150;39
6151;39
6152;39
6153;39
6154;39
6155;39
6156;39
6157;39
6158;39
6159;39
6160;39
6161;39
6162;39
6163;39
6164;39
6165;39
6166;39
6167;38
6168;38
6169;38
6170;38
6171;38
6172;38
6173;38
6174;38
6175;38
6176;38
6177;38
6178;38
6179;38
6180;38
6181;38
6182;38
6183;38
6184;38
6185;38
6186;37
6187;37
6188;37
6189;37
6190;37
6191;37
6192;37
6193;37
6194;37
6195;37
6196;37
6197;37
6198;37
6199;37
6200;37
6201;37
6202;37
6203;37
6204;37
6205;37
6206;37
6207;37
6208;37
6209;37
6210;37
6211;37
6212;37
6213;37
6214;36
6215;36
6216;36
6217;36
6218;36
6219;36
6220;36
6221;36
6222;36
6223;36
6224;35
6225;35
6226;35
6227;35
6228;35
6229;35
6230;35
6231;35
6232;35
6233;35
6234;35
6235;35
6236;35
6237;35
6238;35
6239;35
6240;35
6241;35
6242;34
6243;34
6244;34
6245;34
6246;34
6247;34
6248;34
6249;34
6250;34
6251;34
6252;34
6253;34
6254;34
6255;34
6256;34
6257;34
6258;34
6259;34
6260;34
6261;34
6262;34
6263;34
6264;34
6265;34
6266;34
6267;34
6268;34
6269;34
6270;34
6271;34
6272;34
6273;34
6274;34
6275;34
6276;34
6277;34
6278;34
6279;34
6280;34
6281;34
6282;34
6283;34
6284;34
6285;34
6286;33
6287;33
6288;33
6289;33
6290;33
6291;32
6292;32
6293;32
6294;32
6295;32
6296;32
6297;32
6298;32
6299;32
6300;32
6301;32
6302;32
6303;32
6304;32
6305;32
6306;32
6307;32
6308;32
6309;32
6310;32
6311;32
6312;32
6313;32
6314;32
6315;32
6316;32
6317;32
6318;32
6319;32
6320;32
6321;32
6322;32
6323;32
6324;31
6325;31
6326;30
6327;30
6328;30
6329;30
6330;30
6331;30
6332;30
6333;30
6334;30
6335;30
6336;30
6337;30
6338;30
6339;30
6340;30
6341;30
6342;30
6343;30
6344;30
6345;29
6346;29
6347;29
6348;29
6349;29
6350;29
6351;29
6352;29
6353;29
6354;29
6355;29
6356;29
6357;29
6358;29
6359;29
6360;29
6361;29
6362;29
6363;29
6364;29
6365;29
6366;29
6367;29
6368;29
6369;29
6370;29
6371;29
6372;29
6373;29
6374;29
6375;29
6376;29
6377;29
6378;29
6379;29
6380;29
6381;29
6382;29
6383;29
6384;29
6385;29
6386;29
6387;29
6388;29
6389;29
6390;29
6391;29
6392;29
6393;29
6394;29
6395;29
6396;29
6397;29
6398;29
6399;29
6400;29
6401;29
6402;29
6403;29
6404;29
6405;29
6406;29
6407;29
6408;29
6409;29
6410;29
6411;29
6412;29
6413;29
6414;29
6415;29
6416;29
6417;29
6418;29
6419;28
6420;28
6421;28
6422;28
6423;28
6424;28
6425;28
6426;28
6427;28
6428;28
6429;28
6430;28
6431;28
6432;28
6433;28
6434;28
6435;28
6436;28
6437;28
6438;28
6439;28
6440;28
6441;28
6442;28
6443;28
6444;28
6445;28
6446;28
6447;28
6448;28
6449;28
6450;28
6451;28
6452;28
6453;28
6454;28
6455;28
6456;28
6457;28
6458;28
6459;28
6460;28
6461;28
6462;28
6463;28
6464;28
6465;28
6466;28
6467;28
6468;28
6469;28
6470;28
6471;28
6472;28
6473;28
6474;28
6475;28
6476;28
6477;28
6478;28
6479;28
6480;28
6481;28
6482;28
6483;28
6484;28
6485;28
6486;28
6487;28
6488;28
6489;28
6490;28
6491;28
6492;28
6493;28
6494;28
6495;28
6496;28
6497;28
6498;28
6499;28
6500;28
6501;28
6502;28
6503;28
6504;28
6505;28
6506;28
6507;28
6508;28
6509;28
6510;28
6511;28
6512;28
6513;27
6514;27
6515;27
6516;27
6517;27
6518;27
6519;26
6520;26
6521;26
6522;26
6523;26
6524;26
6525;26
6526;26
6527;26
6528;26
6529;26
6530;26
6531;25
6532;25
6533;25
6534;25
6535;25
6536;25
6537;25
6538;25
6539;25
6540;25
6541;25
6542;25
6543;25
6544;25
6545;25
6546;25
6547;25
6548;25
6549;25
6550;25
6551;25
6552;24
6553;24
6554;24
6555;24
6556;24
6557;24
6558;24
6559;24
6560;24
6561;24
6562;24
6563;24
6564;24
6565;24
6566;24
6567;24
6568;24
6569;24
6570;24
6571;24
6572;24
6573;24
6574;24
6575;24
6576;23
6577;23
6578;23
6579;23
6580;23
6581;23
6582;23
6583;22
6584;22
6585;22
6586;22
6587;22
6588;22
6589;22
6590;22
6591;22
6592;22
6593;22
6594;22
6595;22
6596;22
6597;22
6598;22
6599;22
6600;22
6601;22
6602;22
6603;22
6604;22
6605;22
6606;22
6607;22
6608;22
6609;22
6610;22
6611;22
6612;22
6613;22
6614;22
6615;22
6616;22
6617;22
6618;22
6619;22
6620;22
6621;22
6622;22
6623;22
6624;22
6625;21
6626;21
6627;21
6628;21
6629;21
6630;21
6631;21
6632;21
6633;21
6634;21
6635;21
6636;21
6637;21
6638;21
6639;21
6640;21
6641;21
6642;21
6643;21
6644;21
6645;21
6646;21
6647;21
6648;21
6649;21
6650;21
6651;21
6652;21
6653;21
6654;21
6655;21
6656;21
6657;21
6658;21
6659;21
6660;20
6661;20
6662;20
6663;20
6664;20
6665;20
6666;20
6667;20
6668;20
6669;20
6670;20
6671;20
6672;20
6673;20
6674;20
6675;19
6676;19
6677;19
6678;19
6679;19
6680;19
6681;19
6682;19
6683;19
6684;19
6685;19
6686;19
6687;18
6688;18
6689;18
6690;18
6691;18
6692;18
6693;18
6694;18
6695;17
6696;17
6697;17
6698;17
6699;17
6700;17
6701;17
6702;17
6703;17
6704;17
6705;17
6706;17
6707;17
6708;17
6709;17
6710;17
6711;17
6712;17
6713;17
6714;17
6715;17
6716;17
6717;17
6718;17
6719;17
6720;17
6721;17
6722;17
6723;17
6724;17
6725;17
6726;17
6727;17
6728;17
6729;17
6730;17
6731;17
6732;17
6733;17
6734;17
6735;17
6736;17
6737;17
6738;17
6739;17
6740;17
6741;17
6742;17
6743;17
6744;17
6745;17
6746;17
6747;17
6748;17
6749;17
6750;17
6751;17
6752;17
6753;17
6754;17
6755;17
6756;17
6757;17
6758;17
6759;17
6760;17
6761;17
6762;17
6763;17
6764;17
6765;17
6766;17
6767;17
6768;17
6769;17
6770;17
6771;17
6772;16
6773;16
6774;16
6775;16
6776;16
6777;16
6778;16
6779;16
6780;16
6781;16
6782;16
6783;16
6784;16
6785;16
6786;16
6787;16
6788;16
6789;16
6790;16
6791;16
6792;16
6793;16
6794;16
6795;15
6796;15
6797;15
6798;15
6799;15
6800;15
6801;15
6802;15
6803;15
6804;15
6805;15
6806;15
6807;15
6808;15
6809;15
6810;14
6811;14
6812;14
6813;14
6814;14
6815;14
6816;14
6817;14
6818;14
6819;14
6820;14
6821;14
6822;14
6823;14
6824;14
6825;14
6826;14
6827;14
6828;14
6829;14
6830;14
6831;14
6832;14
6833;14
6834;14
6835;14
6836;14
6837;14
6838;14
6839;14
6840;14
6841;14
6842;14
6843;14
6844;14
6845;14
6846;14
6847;14
6848;14
6849;14
6850;14
6851;14
6852;14
6853;14
6854;14
6855;15
6856;15
6857;14
6858;14
6859;14
6860;14
6861;14
6862;14
6863;14
6864;14
6865;14
6866;14
6867;14
6868;14
6869;14
6870;14
6871;14
6872;14
6873;14
6874;14
6875;14
6876;14
6877;14
6878;14
6879;14
6880;14
6881;14
6882;14
6883;14
6884;14
6885;14
6886;14
6887;14
6888;14
6889;14
6890;14
6891;14
6892;14
6893;14
6894;14
6895;14
6896;14
6897;14
6898;14
6899;14
6900;14
6901;14
6902;14
6903;14
6904;14
6905;14
6906;13
6907;13
6908;13
6909;13
6910;13
6911;13
6912;13
6913;13
6914;13
6915;13
6916;13
6917;13
6918;13
6919;13
6920;13
6921;13
6922;13
6923;13
6924;13
6925;13
6926;13
6927;13
6928;13
6929;13
6930;13
6931;13
6932;13
6933;13
6934;13
6935;13
6936;13
6937;13
6938;13
6939;13
6940;13
6941;13
6942;13
6943;13
6944;13
6945;13
6946;13
6947;13
6948;13
6949;13
6950;13
6951;13
6952;13
6953;13
6954;13
6955;13
6956;13
6957;13
6958;13
6959;13
6960;13
6961;13
6962;13
6963;13
6964;13
6965;13
6966;13
6967;13
6968;13
6969;13
6970;13
6971;13
6972;13
6973;13
6974;13
6975;13
6976;13
6977;13
6978;13
6979;12
6980;12
6981;12
6982;12
6983;12
6984;12
6985;12
6986;12
6987;12
6988;12
6989;12
6990;12
6991;12
6992;12
6993;12
6994;12
6995;12
6996;12
6997;12
6998;12
6999;12
7000;12
7001;12
7002;12
7003;12
7004;12
7005;12
7006;12
7007;12
7008;12
7009;12
7010;12
7011;12
7012;12
7013;12
7014;12
7015;12
7016;12
7017;12
7018;12
7019;12
7020;12
7021;12
7022;12
7023;12
7024;12
7025;12
7026;12
7027;12
7028;12
7029;12
7030;12
7031;12
7032;12
7033;12
7034;12
7035;12
7036;12
7037;12
7038;12
7039;12
7040;12
7041;12
7042;12
7043;12
7044;12
7045;11
7046;11
7047;11
7048;11
7049;11
7050;11
7051;11
7052;11
7053;11
7054;11
7055;11
7056;11
7057;11
7058;11
7059;11
7060;11
7061;11
7062;11
7063;11
7064;11
7065;11
7066;11
7067;11
7068;11
7069;11
7070;11
7071;11
7072;11
7073;11
7074;11
7075;11
7076;11
7077;11
7078;11
7079;11
7080;11
7081;11
7082;11
7083;11
7084;11
7085;11
7086;11
7087;11
7088;11
7089;11
7090;11
7091;11
7092;11
7093;11
7094;11
7095;11
7096;11
7097;11
7098;11
7099;11
7100;11
7101;11
7102;11
7103;11
7104;11
7105;11
7106;11
7107;11
7108;11
7109;11
7110;11
7111;11
7112;11
7113;11
7114;11
7115;11
7116;10
7117;10
7118;10
7119;10
7120;10
7121;10
7122;10
7123;10
7124;10
7125;10
7126;10
7127;10
7128;10
7129;10
7130;10
7131;10
7132;10
7133;10
7134;10
7135;10
7136;10
7137;10
7138;10
7139;10
7140;10
7141;10
7142;10
7143;10
7144;10
7145;9
7146;9
7147;9
7148;9
7149;9
7150;9
7151;9
7152;9
7153;9
7154;9
7155;9
7156;9
7157;9
7158;9
7159;9
7160;9
7161;9
7162;9
7163;9
7164;9
7165;9
7166;9
7167;9
7168;9
7169;9
7170;9
7171;9
7172;9
7173;9
7174;9
7175;9
7176;9
7177;9
7178;9
7179;9
7180;9
7181;9
7182;9
7183;9
7184;9
7185;8
7186;8
7187;8
7188;8
7189;8
7190;8
7191;8
7192;8
7193;8
7194;8
7195;8
7196;8
7197;8
7198;8
7199;8
7200;8
7201;8
7202;8
7203;8
7204;8
7205;8
7206;8
7207;8
7208;8
7209;8
7210;8
7211;8
7212;8
7213;8
7214;8
7215;8
7216;8
7217;8
7218;8
7219;8
7220;8
7221;8
7222;8
7223;8
7224;8
7225;8
7226;8
7227;8
7228;8
7229;8
7230;7
7231;7
7232;7
7233;7
7234;7
7235;7
7236;7
7237;7
7238;7
7239;7
7240;7
7241;7
7242;7
7243;7
7244;7
7245;7
7246;7
7247;7
7248;7
7249;7
7250;7
7251;7
7252;7
7253;7
7254;7
7255;7
7256;6
7257;6
7258;6
7259;6
7260;6
7261;6
7262;6
7263;6
7264;6
7265;6
7266;6
7267;6
7268;6
7269;6
7270;6
7271;6
7272;6
7273;6
7274;6
7275;6
7276;6
7277;6
7278;6
7279;6
7280;6
7281;6
7282;6
7283;6
7284;6
7285;6
7286;6
7287;6
7288;6
7289;6
7290;6
7291;6
7292;6
7293;6
7294;5
7295;5
7296;5
7297;5
7298;5
7299;5
7300;5
7301;5
7302;4
7303;4
7304;4
7305;4
7306;4
7307;4
7308;4
7309;4
7310;4
7311;4
7312;4
7313;4
7314;4
7315;4
7316;4
7317;4
7318;4
7319;4
7320;4
7321;4
7322;4
7323;4
7324;4
7325;4
7326;4
7327;4
7328;4
7329;4
7330;4
7331;4
7332;4
7333;4
7334;4
7335;4
7336;4
7337;4
7338;4
7339;4
7340;4
7341;4
7342;4
7343;4
7344;4
7345;4
7346;4
7347;4
7348;4
7349;4
7350;4
7351;4
7352;4
7353;4
7354;4
7355;4
7356;4
7357;4
7358;4
7359;4
7360;4
7361;4
7362;4
7363;4
7364;4
7365;4
7366;4
7367;4
7368;4
7369;4
7370;4
7371;4
7372;4
7373;4
7374;4
7375;4
7376;4
7377;4
7378;4
7379;4
7380;4
7381;4
7382;4
7383;4
7384;4
7385;4
7386;4
7387;4
7388;4
7389;4
7390;4
7391;4
7392;4
7393;4
7394;4
7395;4
7396;4
7397;4
7398;4
7399;4
7400;4
7401;4
7402;4
7403;4
7404;4
7405;4
7406;4
7407;4
7408;4
7409;4
7410;4
7411;4
7412;4
7413;4
7414;4
7415;4
7416;4
7417;4
7418;4
7419;4
7420;4
7421;4
7422;4
7423;4
7424;3
7425;2
7426;2
7427;2
7428;2
7429;2
7430;2
7431;2
7432;2
7433;2
7434;2
7435;2
7436;2
7437;2
7438;2
7439;2
7440;2
7441;2
7442;2
7443;2
7444;2
7445;2
7446;2
7447;2
7448;2
7449;2
7450;2
7451;2
7452;2
7453;2
7454;2
7455;2
7456;2
7457;2
7458;2
7459;2
7460;2
7461;2
7462;2
7463;2
7464;2
7465;2
7466;2
7467;2
7468;2
7469;2
7470;2
7471;2
7472;2
7473;2
7474;2
7475;2
7476;2
7477;2
7478;2
7479;2
7480;2
7481;1
7482;1
7483;1
7484;1
7485;1
7486;1
7487;1
7488;1
7489;1
7490;1
7491;1
7492;1
7493;1
7494;1
7495;1
7496;1
7497;1
7498;1
7499;1
7500;1
7501;1
7502;1
7503;1
7504;1
7505;1
7506;1
7507;1
7508;1
7509;1
7510;1
7511;1
7512;1
7513;1
7514;1
7515;1
7516;1
7517;1
7518;1
7519;1
7520;1
7521;1
7522;1
7523;1
7524;1
7525;1
7526;1
7527;1
7528;1
7529;1
7530;1
7531;1
7532;1
7533;1
7534;1
7535;1
7536;1
7537;1
7538;1
7539;1
7540;1
7541;1
7542;1
7543;1
7544;1
7545;1
7546;1
7547;1
7548;1
7549;1
7550;1
7551;1
7552;1
7553;1
7554;1
7555;1
7556;1
7557;1
7558;1
7559;1
7560;1
7561;1
7562;1
7563;1
7564;1
7565;1
7566;1
7567;1
7568;1
7569;1
7570;1
7571;1
7572;1
7573;1
7574;1
7575;1
7576;1
7577;1
7578;1
7579;1
7580;1
7581;1
7582;1
7583;1
7584;1
7585;1
7586;1
7587;1
7588;1
7589;1
7590;1
7591;1
7592;1
7593;1
7594;1
7595;1
7596;1
7597;1
7598;1
7599;1
7600;1
7601;1
7602;1
7603;1
7604;1
7605;1
7606;1
7607;1
7608;1
7609;1
7610;1
7611;1
7612;1
7613;1
7614;1
7615;1
7616;1
7617;1
7618;1
7619;1
7620;1
7621;1
7622;1
7623;1
7624;1
7625;1
7626;1
7627;1
7628;1
7629;1
7630;1
7631;1
7632;1
7633;1
7634;1
7635;1
7636;1
7637;1
7638;1
7639;1
7640;1
7641;1
7642;1
7643;1
7644;1
7645;1
7646;1
7647;1
7648;1
7649;1
7650;1
7651;1
7652;1
7653;1
7654;1
7655;1
7656;1
7657;1
7658;1
7659;1
7660;1
7661;1
7662;1
7663;1
7664;1
7665;1
7666;1
7667;1
7668;1
7669;1
7670;1
7671;1
7672;1
7673;1
7674;1
7675;1
7676;1
7677;1
7678;1
7679;1
7680;1
7681;1
7682;1
7683;1
7684;1
7685;1
7686;1
7687;1
7688;1
7689;1
7690;1
7691;1
7692;1
7693;1
7694;1
7695;1
7696;1
7697;1
7698;1
7699;1
7700;1
7701;1
7702;1
7703;1
7704;1
7705;1
7706;1
7707;1
7708;1
7709;1
7710;1
7711;1
7712;1
7713;1
7714;1
7715;1
7716;1
7717;1
7718;1
7719;1
7720;1
7721;1
7722;1
7723;1
7724;1
7725;1
7726;1
7727;1
7728;0
7729;0
